{
    "accuracy": 0.914875,
    "classification_report": {
        "0": {
            "precision": 0.9285343485032013,
            "recall": 0.9009402283411686,
            "f1-score": 0.9145291861951428,
            "support": 5956.0
        },
        "1": {
            "precision": 0.9528241335044929,
            "recall": 0.980191482337405,
            "f1-score": 0.9663140764849472,
            "support": 6058.0
        },
        "2": {
            "precision": 0.8802958977807667,
            "recall": 0.8858061241752665,
            "f1-score": 0.883042415043427,
            "support": 5911.0
        },
        "3": {
            "precision": 0.8967058434034101,
            "recall": 0.8916872427983539,
            "f1-score": 0.8941895014856388,
            "support": 6075.0
        },
        "accuracy": 0.914875,
        "macro avg": {
            "precision": 0.9145900557979678,
            "recall": 0.9146562694130486,
            "f1-score": 0.9145187948022889,
            "support": 24000.0
        },
        "weighted avg": {
            "precision": 0.9147281762880463,
            "recall": 0.914875,
            "f1-score": 0.9146971435487931,
            "support": 24000.0
        }
    }
}